PidLidAddressBookProviderArrayType,0x00008029,PtypInteger32,0x0003
PidLidAddressBookProviderEmailList,0x00008028,PtypMultipleInteger32,0x1003
PidLidAddressCountryCode,0x000080dd,PtypString,0x001f
PidLidAgingDontAgeMe,0x0000850e,PtypBoolean,0x000b
PidLidAllAttendeesString,0x00008238,PtypString,0x001f
PidLidAllowExternalCheck,0x00008246,PtypBoolean,0x000b
PidLidAnniversaryEventEntryId,0x0000804e,PtypBinary,0x0102
PidLidAppointmentAuxiliaryFlags,0x00008207,PtypInteger32,0x0003
PidLidAppointmentColor,0x00008214,PtypInteger32,0x0003
PidLidAppointmentCounterProposal,0x00008257,PtypBoolean,0x000b
PidLidAppointmentDuration,0x00008213,PtypInteger32,0x0003
PidLidAppointmentEndDate,0x00008211,PtypTime,0x0040
PidLidAppointmentEndTime,0x00008210,PtypTime,0x0040
PidLidAppointmentEndWhole,0x0000820e,PtypTime,0x0040
PidLidAppointmentLastSequence,0x00008203,PtypInteger32,0x0003
PidLidAppointmentMessageClass,0x00000024,PtypString,0x001f
PidLidAppointmentNotAllowPropose,0x0000825a,PtypBoolean,0x000b
PidLidAppointmentProposalNumber,0x00008259,PtypInteger32,0x0003
PidLidAppointmentProposedDuration,0x00008256,PtypInteger32,0x0003
PidLidAppointmentProposedEndWhole,0x00008251,PtypTime,0x0040
PidLidAppointmentProposedStartWhole,0x00008250,PtypTime,0x0040
PidLidAppointmentRecur,0x00008216,PtypBinary,0x0102
PidLidAppointmentReplyName,0x00008230,PtypString,0x001f
PidLidAppointmentReplyTime,0x00008220,PtypTime,0x0040
PidLidAppointmentSequence,0x00008201,PtypInteger32,0x0003
PidLidAppointmentSequenceTime,0x00008202,PtypTime,0x0040
PidLidAppointmentStartDate,0x00008212,PtypTime,0x0040
PidLidAppointmentStartTime,0x0000820f,PtypTime,0x0040
PidLidAppointmentStartWhole,0x0000820d,PtypTime,0x0040
PidLidAppointmentStateFlags,0x00008217,PtypInteger32,0x0003
PidLidAppointmentSubType,0x00008215,PtypBoolean,0x000b
PidLidAppointmentTimeZoneDefinitionEndDisplay,0x0000825f,PtypBinary,0x0102
PidLidAppointmentTimeZoneDefinitionRecur,0x00008260,PtypBinary,0x0102
PidLidAppointmentTimeZoneDefinitionStartDisplay,0x0000825e,PtypBinary,0x0102
PidLidAppointmentUnsendableRecipients,0x0000825d,PtypBinary,0x0102
PidLidAppointmentUpdateTime,0x00008226,PtypTime,0x0040
PidLidAttendeeCriticalChange,0x00000001,PtypTime,0x0040
PidLidAutoFillLocation,0x0000823a,PtypBoolean,0x000b
PidLidAutoLog,0x00008025,PtypBoolean,0x000b
PidLidAutoProcessS,0x0000851a,PtypInteger32,0x0003
PidLidAutoStartCheck,0x00008244,PtypBoolean,0x000b
PidLidBilling,0x00008535,PtypString,0x001f
PidLidBirthdayEventEntryId,0x0000804d,PtypBinary,0x0102
PidLidBirthdayLocal,0x000080de,PtypTime,0x0040
PidLidBusinessCardCardPicture,0x00008041,PtypBinary,0x0102
PidLidBusinessCardDisplayDefinition,0x00008040,PtypBinary,0x0102
PidLidBusyStatus,0x00008205,PtypInteger32,0x0003
PidLidCalendarType,0x0000001c,PtypInteger32,0x0003
PidLidCategories,0x00009000,PtypMultipleString,0x101f
PidLidCcAttendeesString,0x0000823c,PtypString,0x001f
PidLidChangeHighlight,0x00008204,PtypInteger32,0x0003
PidLidClassification,0x000085b6,PtypString,0x001f
PidLidClassificationDescription,0x000085b7,PtypString,0x001f
PidLidClassificationGuid,0x000085b8,PtypString,0x001f
PidLidClassificationKeep,0x000085ba,PtypBoolean,0x000b
PidLidClassified,0x000085b5,PtypBoolean,0x000b
PidLidCleanGlobalObjectId,0x00000023,PtypBinary,0x0102
PidLidClientIntent,0x00000015,PtypInteger32,0x0003
PidLidClipEnd,0x00008236,PtypTime,0x0040
PidLidClipStart,0x00008235,PtypTime,0x0040
PidLidCollaborateDoc,0x00008247,PtypString,0x001f
PidLidCommonEnd,0x00008517,PtypTime,0x0040
PidLidCommonStart,0x00008516,PtypTime,0x0040
PidLidCompanies,0x00008539,PtypMultipleString,0x101f
PidLidConferencingCheck,0x00008240,PtypBoolean,0x000b
PidLidConferencingType,0x00008241,PtypInteger32,0x0003
PidLidContactCharacterSet,0x00008023,PtypInteger32,0x0003
PidLidContactItemData,0x00008007,PtypMultipleInteger32,0x1003
PidLidContactLinkedGlobalAddressListEntry,0x000080e2,PtypBinary,0x0102
PidLidContactLinkEntry,0x00008585,PtypBinary,0x0102
PidLidContactLinkGlobalAddressListLinkId,0x000080e8,PtypGuid,0x0048
PidLidContactLinkGLobalAddressListLinkState,0x000080e6,PtypInteger32,0x0003
PidLidContactLinkGALLinkState,0x000080e5,PtypMultipleBinary,0x1102
PidLidContactLinkName,0x00008586,PtypString,0x001f
PidLidContactLinkSearchKey,0x00008584,PtypBinary,0x0102
PidLidContactSMPTAddressCache,0x000080e3,PtypMultipleString,0x101f
PidLidContacts,0x0000853a,PtypMultipleString,0x101f
PidLidContactUserField1,0x0000804f,PtypString,0x001f
PidLidContactUserField2,0x00008050,PtypString,0x001f
PidLidContactUserField3,0x00008051,PtypString,0x001f
PidLidContactUserField4,0x00008552,PtypString,0x001f
PidLidConversationActionLas,0x000085ca,PtypTime,0x0040
PidLidConversationActionMaxDeliveryTime,0x000085c8,PtypTime,0x0040
PidLidConversationActionMoveFolderEid,0x000085c6,PtypBinary,0x0102
PidLidConversationActionMove,0x000085c7,PtypBinary,0x0102
PidLidConversationActionVersion,0x000085cb,PtypInteger32,0x0003
PidLidConversationProcessed,0x000085c9,PtypInteger32,0x0003
PidLidCurrentVersion,0x00008552,PtypInteger32,0x0003
PidLidCurrentVersionName,0x00008554,PtypString,0x001f
PidLidDayInterval,0x00000011,PtypInteger16,0x0002
PidLidDayOfMonth,0x00001000,PtypBoolean,0x000b
PidLidDepartment,0x00008010,PtypString,0x001f
PidLidDirectory,0x00008242,PtypString,0x001f
PidLidDistribution,0x0000804c,PtypInteger32,0x0003
PidLidDistributionListMembers,0x00008055,PtypMultipleBinary,0x1102
PidLidDistributionListName,0x00008053,PtypString,0x001f
PidLidDistributionListOneOffMembers,0x00008054,PtypMultipleBinary,0x1102
PidLidDistributionListStream,0x00008064,PtypBinary,0x0102
PidLidEmail1AddressType,0x00008082,PtypString,0x001f
PidLidEmail1DisplayName,0x00008080,PtypString,0x001f
PidLidEmail1EmailAddress,0x00008083,PtypString,0x001f
PidLidEmail1OriginalDisplayName,0x00008084,PtypString,0x001f
PidLidEmail1OriginalEntryId,0x00008085,PtypBinary,0x0102
PidLidEmail2AddressType,0x00008092,PtypString,0x001f
PidLidEmail2DisplayName,0x00008090,PtypString,0x001f
PidLidEmail2EmailAddress,0x00008093,PtypString,0x001f
PidLidEmail2OriginalDisplayName,0x00008094,PtypString,0x001f
PidLidEmail2OriginalEntryId,0x00008095,PtypBinary,0x0102
PidLidEmail3AddressType,0x000080a2,PtypString,0x001f
PidLidEmail3DisplayName,0x000080a0,PtypString,0x001f
PidLidEmail3EmailAddress,0x000080a3,PtypString,0x001f
PidLidEmail3OriginalDisplayName,0x000080a4,PtypString,0x001f
PidLidEmail3OriginalEntryId,0x000080a5,PtypBinary,0x0102
PidLidEndRecurrenceDate,0x0000000f,PtypInteger32,0x0003
PidLidEndRecurrenceTime,0x00000010,PtypInteger32,0x0003
PidLidExceptionReplaceTime,0x00008228,PtypTime,0x0040
PidLidFax1AddressType,0x000080b2,PtypString,0x001f
PidLidFax1EmailAddress,0x000080b3,PtypString,0x001f
PidLidFax1OriginalDisplayName,0x000080b4,PtypString,0x001f
PidLidFax1OriginalEntryId,0x000080b5,PtypBinary,0x0102
PidLidFax2AddressType,0x000080c2,PtypString,0x001f
PidLidFax2EmailAddress,0x000080c3,PtypString,0x001f
PidLidFax2OriginalDisplayName,0x000080c4,PtypString,0x001f
PidLidFax2OriginalEntryId,0x000080c5,PtypBinary,0x0102
PidLidFax3AddressType,0x000080d2,PtypString,0x001f
PidLidFax3EmailAddress,0x000080d3,PtypString,0x001f
PidLidFax3OriginalDisplayName,0x000080d4,PtypString,0x001f
PidLidFax3OriginalEntryId,0x000080d5,PtypBinary,0x0102
PidLidFExceptionalAttendees,0x0000822b,PtypBoolean,0x000b
PidLidFExceptionalBody,0x00008206,PtypBoolean,0x000b
PidLidFileUnder,0x00008005,PtypString,0x001f
PidLidFileUnderId,0x00008006,PtypInteger32,0x0003
PidLidFileUnderList,0x00008026,PtypMultipleInteger32,0x1003
PidLidFInvited,0x00008229,PtypBoolean,0x000b
PidLidFlagRequest,0x00008530,PtypString,0x001f
PidLidFlagString,0x000085c0,PtypInteger32,0x0003
PidLidForwardInstance,0x0000820a,PtypBoolean,0x000b
PidLidForwardNotificationRecipients,0x00008261,PtypBinary,0x0102
PidLidFOthersAppointment,0x0000822f,PtypBoolean,0x000b
PidLidFreeBusyLocation,0x000080d8,PtypString,0x001f
PidLidGlobalObjectId,0x00000003,PtypBinary,0x0102
PidLidHasPicture,0x00008015,PtypBoolean,0x000b
PidLidHomeAddress,0x0000801a,PtypString,0x001f
PidLidHomeAddressCountryCode,0x000080da,PtypString,0x001f
PidLidHtml,0x0000802b,PtypString,0x001f
PidLidICalendarDayOfWeekMask,0x00001001,PtypInteger32,0x0003
PidLidInboundICalStream,0x0000827a,PtypBinary,0x0102
PidLidInfoPathFormName,0x000085b1,PtypString,0x001f
PidLidInstantMessagingAddress,0x00008062,PtypString,0x001f
PidLidIntendedBusyStatus,0x00008224,PtypInteger32,0x0003
PidLidInternetAccountName,0x00008580,PtypString,0x001f
PidLidInternetAccountStamp,0x00008581,PtypString,0x001f
PidLidIsContactLinked,0x000080e0,PtypBoolean,0x000b
PidLidIsException,0x0000000a,PtypBoolean,0x000b
PidLidIsRecurring,0x00000005,PtypBoolean,0x000b
PidLidIsSilent,0x00000004,PtypBoolean,0x000b
PidLidLinkedTaskItems,0x0000820c,PtypMultipleBinary,0x1102
PidLidLocation,0x00008208,PtypString,0x001f
PidLidLogDocumentPosted,0x00008711,PtypBoolean,0x000b
PidLidLogDocumentPrinted,0x0000870e,PtypBoolean,0x000b
PidLidLogDocumentRouted,0x00008710,PtypBoolean,0x000b
PidLidLogDocumentSaved,0x0000870f,PtypBoolean,0x000b
PidLidLogDuration,0x00008707,PtypInteger32,0x0003
PidLidLogEnd,0x00008708,PtypTime,0x0040
PidLidLogFlags,0x0000870c,PtypInteger32,0x0003
PidLidLogStart,0x00008706,PtypTime,0x0040
PidLidLogType,0x00008700,PtypString,0x001f
PidLidLogTypeDesc,0x00008712,PtypString,0x001f
PidLidMeetingType,0x00000026,PtypInteger32,0x0003
PidLidMeetingWorkspaceUrl,0x00008209,PtypString,0x001f
PidLidMonthInterval,0x00000013,PtypInteger16,0x0002
PidLidMonthOfYear,0x00001006,PtypInteger32,0x0003
PidLidMonthOfYearMask,0x00000017,PtypInteger32,0x0003
PidLidNetShowUrl,0x00008248,PtypString,0x001f
PidLidNoEndDateFlag,0x0000100b,PtypBoolean,0x000b
PidLidNonSendableBcc,0x00008538,PtypString,0x001f
PidLidNonSendableCc,0x00008537,PtypString,0x001f
PidLidNonSendableTo,0x00008536,PtypString,0x001f
PidLidNonSendBccTrackStatus,0x00008545,PtypMultipleInteger32,0x1003
PidLidNonSendCcTrackStatus,0x00008544,PtypMultipleInteger32,0x1003
PidLidNonSendToTrackStatus,0x00008543,PtypMultipleInteger32,0x1003
PidLidNoteColor,0x00008b00,PtypInteger32,0x0003
PidLidNoteHeight,0x00008b03,PtypInteger32,0x0003
PidLidNoteWidth,0x00008b02,PtypInteger32,0x0003
PidLidNoteX,0x00008b04,PtypInteger32,0x0003
PidLidNoteY,0x00008b05,PtypInteger32,0x0003
PidLidOccurences,0x00001005,PtypInteger32,0x0003
PidLidOldLocation,0x00000028,PtypString,0x001f
PidLidOldRecurrenceType,0x00000018,PtypInteger16,0x0002
PidLidOldWhenEndWhole,0x0000002a,PtypTime,0x0040
PidLidOldWhenStartWhole,0x00000029,PtypTime,0x0040
PidLidOnlinePassword,0x00008249,PtypString,0x001f
PidLidOptionalAttendees,0x00000007,PtypString,0x001f
PidLidOrganizerAlias,0x00008243,PtypString,0x001f
PidLidOriginalStoreEntryId,0x00008237,PtypBinary,0x0102
PidLidOtherAddress,0x0000801c,PtypString,0x001f
PidLidOtherAddressCountryCode,0x000080dc,PtypString,0x001f
PidLidOwnerCriticalChange,0x0000001a,PtypTime,0x0040
PidLidOwnerName,0x0000822e,PtypString,0x001f
PidLidPendingStateForSiteMailboxDocument,0x000085e0,PtypInteger32,0x0003
PidLidPercentComplete,0x00008102,PtypFloating64,0x0005
PidLidPostalAddressId,0x00008022,PtypInteger32,0x0003
PidLidPostRssChannel,0x00008904,PtypString,0x001f
PidLidPostRssChannelLink,0x00008900,PtypString,0x001f
PidLidPostRssItemGuid,0x00008903,PtypString,0x001f
PidLidPostRssItemHash,0x00008902,PtypInteger32,0x0003
PidLidPostRSSItemLink,0x00008901,PtypString,0x001f
PidLidPostRSSItemXml,0x00008905,PtypString,0x001f
PidLidPostRssSubscription,0x00008906,PtypString,0x001f
PidLidPrivate,0x00008506,PtypBoolean,0x000b
PidLidPromptSendUpdate,0x00008045,PtypBoolean,0x000b
PidLidRecurrenceDuration,0x0000100d,PtypInteger32,0x0003
PidLidRecurrencePattern,0x00008232,PtypString,0x001f
PidLidRecurrenceType,0x00008231,PtypInteger32,0x0003
PidLidRecurring,0x00008223,PtypBoolean,0x000b
PidLidReferenceEntryId,0x000085bd,PtypBinary,0x0102
PidLidReminderDelta,0x00008501,PtypInteger32,0x0003
PidLidReminderFileParameter,0x0000851f,PtypString,0x001f
PidLidReminderOverride,0x0000851c,PtypBoolean,0x000b
PidLidReminderPlaySound,0x0000851e,PtypBoolean,0x000b
PidLidReminderSet,0x00008503,PtypBoolean,0x000b
PidLidReminderSignalTime,0x00008560,PtypTime,0x0040
PidLidReminderTime,0x00008502,PtypTime,0x0040
PidLidReminderTimeDate,0x00008505,PtypTime,0x0040
PidLidReminderTimeTime,0x00008504,PtypTime,0x0040
PidLidReminderType,0x0000851d,PtypInteger32,0x0003
PidLidRemoteStatus,0x00008511,PtypInteger32,0x0003
PidLidRequiredAttendees,0x00000006,PtypString,0x001f
PidLidResourceAttendees,0x00000008,PtypString,0x001f
PidLidResponseStatus,0x00008218,PtypInteger32,0x0003
PidLidServerProcessed,0x000085cc,PtypBoolean,0x000b
PidLidServerProcessingActions,0x000085cd,PtypInteger32,0x0003
PidLidSharingAnonymity,0x00008a19,PtypInteger32,0x0003
PidLidSharingBindingEntryId,0x00008a2d,PtypBinary,0x0102
PidLidSharingBrowseUrl,0x00008a51,PtypString,0x001f
PidLidSharingCapabilities,0x00008a17,PtypInteger32,0x0003
PidLidSharingConfigurationUrl,0x00008a24,PtypString,0x001f
PidLidSharingDataRangeEnd,0x00008a45,PtypTime,0x0040
PidLidSharingDataRangeStart,0x00008a44,PtypTime,0x0040
PidLidSharingDetail,0x00008a2b,PtypInteger32,0x0003
PidLidSharingExtensionXml,0x00008a21,PtypString,0x001f
PidLidSharingFilter,0x00008a13,PtypBinary,0x0102
PidLidSharingFlags,0x00008a0a,PtypInteger32,0x0003
PidLidSharingFlavor,0x00008a18,PtypInteger32,0x0003
PidLidSharingFolderEntryId,0x00008a15,PtypBinary,0x0102
PidLidSharingIndexEntryId,0x00008a2e,PtypBinary,0x0102
PidLidSharingInitiatorEntryId,0x00008a09,PtypBinary,0x0102
PidLidSharingInitiatorName,0x00008a07,PtypString,0x001f
PidLidSharingInitiatorSmtp,0x00008a08,PtypString,0x001f
PidLidSharingInstanceGuid,0x00008a1c,PtypBinary,0x0102
PidLidSharingLastAutoSyncTime,0x00008a55,PtypTime,0x0040
PidLidSharingLastSyncTime,0x00008a1f,PtypTime,0x0040
PidLidSharingLocalComment,0x00008a4d,PtypString,0x001f
PidLidSharingLocalLastModificationTime,0x00008a23,PtypTime,0x0040
PidLidSharingLocalName,0x00008a0f,PtypString,0x001f
PidLidSharingLocalPath,0x00008a0e,PtypString,0x001f
PidLidSharingLocalStoreUid,0x00008a49,PtypString,0x001f
PidLidSharingLocalType,0x00008a14,PtypString,0x001f
PidLidSharingLocalUid,0x00008a10,PtypString,0x001f
PidLidSharingOriginalMessageEntryId,0x00008a29,PtypBinary,0x0102
PidLidSharingParentBindingEntryId,0x00008a5c,PtypBinary,0x0102
PidLidSharingParticipants,0x00008a1e,PtypString,0x001f
PidLidSharingPermissions,0x00008a1b,PtypInteger32,0x0003
PidLidSharingProviderExtension,0x00008a0b,PtypString,0x001f
PidLidSharingProviderGuid,0x00008a01,PtypBinary,0x0102
PidLidSharingProviderName,0x00008a02,PtypString,0x001f
PidLidSharingProviderUrl,0x00008a03,PtypString,0x001f
PidLidSharingRangeEnd,0x00008a47,PtypInteger32,0x0003
PidLidSharingRangeStart,0x00008a46,PtypInteger32,0x0003
PidLidSharingReciprocation,0x00008a1a,PtypInteger32,0x0003
PidLidSharingRemoteByteSize,0x00008a4b,PtypInteger32,0x0003
PidLidSharingRemoteComment,0x00008a2f,PtypString,0x001f
PidLidSharingRemoteCrc,0x00008a4c,PtypInteger32,0x0003
PidLidSharingRemoteLastModificationTime,0x00008a22,PtypTime,0x0040
PidLidSharingRemoteMessageCount,0x00008a4f,PtypInteger32,0x0003
PidLidSharingRemoteName,0x00008a05,PtypString,0x001f
PidLidSharingRemotePass,0x00008a0d,PtypString,0x001f
PidLidSharingRemotePath,0x00008a04,PtypString,0x001f
PidLidSharingRemoteStoreUid,0x00008a48,PtypString,0x001f
PidLidSharingRemoteType,0x00008a1d,PtypString,0x001f
PidLidSharingRemoteUid,0x00008a06,PtypString,0x001f
PidLidSharingRemoteUser,0x00008a0c,PtypString,0x001f
PidLidSharingRemoteVersion,0x00008a5b,PtypString,0x001f
PidLidSharingResponseTime,0x00008a28,PtypTime,0x0040
PidLidSharingResponseType,0x00008a27,PtypInteger32,0x0003
PidLidSharingRoamLog,0x00008a4e,PtypInteger32,0x0003
PidLidSharingStart,0x00008a25,PtypTime,0x0040
PidLidSharingStatus,0x00008a00,PtypInteger32,0x0003
PidLidSharingStop,0x00008a26,PtypTime,0x0040
PidLidSharingSyncFlags,0x00008a60,PtypInteger32,0x0003
PidLidSharingSyncInterval,0x00008a2a,PtypInteger32,0x0003
PidLidSharingTimeToLive,0x00008a2c,PtypInteger32,0x0003
PidLidSharingTimeToLiveAuto,0x00008a56,PtypInteger32,0x0003
PidLidSharingWorkingHoursDays,0x00008a42,PtypInteger32,0x0003
PidLidSharingWorkingHoursEnd,0x00008a41,PtypTime,0x0040
PidLidSharingWorkingHoursStart,0x00008a40,PtypTime,0x0040
PidLidSharingWorkingHoursTime,0x00008a43,PtypeBinary,0x0102
PidLidSideEffects,0x00008510,PtypInteger32,0x0003
PidLidSingleBodyICal,0x0000827b,PtypBoolean,0x000b
PidLidSmartNoAttach,0x00008514,PtypBoolean,0x000b
PidLidSpamOriginalFolder,0x0000859c,PtypBinary,0x0102
PidLidStartRecurrenceDate,0x0000000d,PtypInteger32,0x0003
PidLidStartRecurrenceTime,0x0000000e,PtypInteger32,0x0003
PidLidTaskAcceptanceState,0x0000812a,PtypInteger32,0x0003
PidLidTaskAccepted,0x00008108,PtypBoolean,0x000b
PidLidTaskActualEffort,0x00008110,PtypInteger32,0x0003
PidLidTaskAssigner,0x00008121,PtypString,0x001f
PidLidTaskAssigners,0x00008117,PtypBinary,0x0102
PidLidTaskComplete,0x0000811c,PtypBoolean,0x000b
PidLidTaskCustomFlags,0x00008139,PtypInteger32,0x0003
PidLidTaskDateCompleted,0x0000810f,PtypTime,0x0040
PidLidTaskDeadOccurence,0x00008109,PtypBoolean,0x000b
PidLidTaskDueDate,0x00008105,PtypTime,0x0040
PidLidTaskEstimatedEffort,0x00008111,PtypInteger32,0x0003
PidLidTaskFCreator,0x0000811e,PtypBoolean,0x000b
PidLidTaskFFixOffline,0x0000812c,PtypBoolean,0x000b
PidLidTaskFRecurring,0x00008126,PtypBoolean,0x000b
PidLidTaskGlobalId,0x00008519,PtypBinary,0x0102
PidLidTaskHistory,0x0000811a,PtypInteger32,0x0003
PidLidTaskLastDelegate,0x00008125,PtypString,0x001f
PidLidTaskLastUpdate,0x00008115,PtypTime,0x0040
PidLidTaskLastUpdate,0x00008122,PtypString,0x001f
PidLidTaskMode,0x00008518,PtypInteger32,0x0003
PidLidTaskMultipleRecipients,0x00008120,PtypInteger32,0x0003
PidLidTaskNoCompute,0x00008124,PtypBoolean,0x000b
PidLidTaskOrdinal,0x00008123,PtypInteger32,0x0003
PidLidTaskOwner,0x0000811f,PtypString,0x001f
PidLidTaskOwnership,0x00008129,PtypInteger32,0x0003
PidLidTaskRecurrence,0x00008116,PtypBinary,0x0102
PidLidTaskResetReminder,0x00008107,PtypBoolean,0x000b
PidLidTaskRole,0x00008127,PtypString,0x001f
PidLidTaskStartDate,0x00008104,PtypTime,0x0040
PidLidTaskState,0x00008113,PtypInteger32,0x0003
PidLidTaskStatus,0x00008101,PtypInteger32,0x0003
PidLidTaskStatusOnComplete,0x00008119,PtypBoolean,0x000b
PidLidTaskUpdates,0x0000811b,PtypBoolean,0x000b
PidLidTaskVersion,0x00008112,PtypInteger32,0x0003
PidLidTeamTask,0x00008103,PtypBoolean,0x000b
PidLidTimeZone,0x0000000c,PtypInteger32,0x0003
PidLidTimeZoneDescription,0x00008234,PtypString,0x001f
PidLidTimeZoneStruct,0x00008233,PtypBinary,0x0102
PidLidToAttendeesString,0x0000823b,PtypString,0x001f
PidLidToDoOrdinalDate,0x000085a0,PtypTime,0x0040
PidLidToDoSubOrdinal,0x000085a1,PtypString,0x001f
PidLidToDoTitle,0x000085a4,PtypString,0x001f
PidLidUseTnef,0x00008582,PtypBoolean,0x000b
PidLidValidFlagStringProof,0x000085bf,PtypTime,0x0040
PidLidVerbResponse,0x00008524,PtypString,0x001f
PidLidVerbStream,0x00008520,PtypBinary,0x0102
PidLidWeddingAnniversaryLocal,0x000080df,PtypTime,0x0040
PidLidWeekInterval,0x00000012,PtypInteger16,0x0002
PidLidWhere,0x00000002,PtypString,0x001f
PidLidWorkAddress,0x0000801b,PtypString,0x001f
PidLidWorkAddressCity,0x00008046,PtypString,0x001f
PidLidWorkAddressCountry,0x00008049,PtypString,0x001f
PidLidWorkAddressCountryCode,0x000080db,PtypString,0x001f
PidLidWorkAddressPostalCode,0x00008048,PtypString,0x001f
PidLidWorkAddressPostOfficeBox,0x0000804a,PtypString,0x001f
PidLidWorkAddressState,0x00008047,PtypString,0x001f
PidLidWorkAddressStreet,0x00008045,PtypString,0x001f
PidLidYearInterval,0x00000014,PtypInteger16,0x0002
PidLidYomiCompanyName,0x0000802e,PtypString,0x001f
PidLidYomiFirstName,0x0000802c,PtypString,0x001f
PidLidYomiLastName,0x0000802d,PtypString,0x001f
PidNameAcceptLanguage,n/a,PtypString,0x001f
PidNameApplicationName,n/a,PtypString,0x001f
PidNameAttachmentMacContentType,n/a,PtypString,0x001f
PidNameAttachmentMacInfo,n/a,PtypBinary,0x0102
PidNameAttachmentOriginalPermissionType,n/a,PtypeInteger32,0x0003
PidNameAttachmentPermissionType,n/a,PtypInteger32,0x0003
PidNameAttachmentProviderType,n/a,PtypeString,0x001f
PidNameAudioNotes,n/a,PtypString,0x001f
PidNameAuthor,n/a,PtypString,0x001f
PidNameAutomaticSpeechRecognitionData,n/a,PtypBinary,0x0102
PidNameBirthdayContactAttributionDisplayName,n/a,PtypString,0x001f
PidNameBirthdayContactEntryId,n/a,PtypBinary,0x0102
PidNameBirthdayContactPersonGuid,n/a,PtypBinary,0x0102
PidNameByteCount,n/a,PtypInteger32,0x0003
PidNameCalendarAttendeeRole,n/a,PtypInteger32,0x0003
PidNameCalendarBusystatus,n/a,PtypString,0x001f
PidNameCalendarContact,n/a,PtypString,0x001f
PidNameCalendarContactUrl,n/a,PtypString,0x001f
PidNameCalendarCreated,n/a,PtypTime,0x0040
PidNameCalendarDescriptionUrl,n/a,PtypString,0x001f
PidNameCalendarDuration,n/a,PtypInteger32,0x0003
PidNameCalendarExceptionDate,n/a,PtypMultipleTime,0x1040
PidNameCalendarExceptionRule,n/a,PtypMultipleString,0x101f
PidNameCalendarGeoLatitude,n/a,PtypFloating64,0x0005
PidNameCalendarGeoLongitude,n/a,PtypFloating64,0x0005
PidNameCalendarInstanceType,n/a,PtypInteger32,0x0003
PidNameCalendarIsOrganizer,n/a,PtypBoolean,0x000b
PidNameCalendarLastModified,n/a,PtypTime,0x0040
PidNameCalendarLocationUrl,n/a,PtypString,0x001f
PidNameCalendarMeetingStatus,n/a,PtypString,0x001f
PidNameCalendarMethod,n/a,PtypString,0x001f
PidNameCalendarProductId,n/a,PtypString,0x001f
PidNameCalendarRecurrenceIdRange,n/a,PtypString,0x001f
PidNameCalendarReminderOffset,n/a,PtypInteger32,0x0003
PidNameCalendarResources,n/a,PtypString,0x001f
PidNameCalendarRsvp,n/a,PtypBoolean,0x000b
PidNameCalendarSequence,n/a,PtypInteger32,0x0003
PidNameCalendarTimeZone,n/a,PtypString,0x001f
PidNameCalendarTimeZoneId,n/a,PtypInteger32,0x0003
PidNameCalendarTransparent,n/a,PtypString,0x001f
PidNameCalendarUid,n/a,PtypString,0x001f
PidNameCalendarVersion,n/a,PtypString,0x001f
PidNameCategory,n/a,PtypString,0x001f
PidNameCharacterCount,n/a,PtypInteger32,0x0003
PidNameComments,n/a,PtypString,0x001f
PidNameCompany,n/a,PtypString,0x001f
PidNameContentBase,n/a,PtypString,0x001f
PidNameContentClass,n/a,PtypString,0x001f
PidNameContentType,n/a,PtypString,0x001f
PidNameCreateDateTimeReadOnly,n/a,PtypTime,0x0040
PidNameCrossReference,n/a,PtypString,0x001f
PidNameDavId,n/a,PtypString,0x001f
PidNameDavIsCollection,n/a,PtypBoolean,0x000b
PidNameDavIsStructuredDocument,n/a,PtypBoolean,0x000b
PidNameDavParentName,n/a,PtypString,0x001f
PidNameDavUid,n/a,PtypString,0x001f
PidNameDocumentParts,n/a,PtypMultipleString,0x101f
PidNameEditTime,n/a,PtypString,0x001f
PidNameExchangeIntendedBusyStatus,n/a,PtypString,0x001f
PidNameExchangeJunkEmailM,n/a,PtypInteger32,0x0003
PidNameExchangeModifyExceptionS,n/a,PtypBinary,0x0102
PidNameExchangeNoModifyExceptions,n/a,PtypBoolean,0x000b
PidNameExchangePatternEnd,n/a,PtypTime,0x0040
PidNameExchangePatternStart,n/a,PtypTime,0x0040
PidNameExchangeReminderInterval,n/a,PtypInteger32,0x0003
PidNameExchDatabaseSchema,n/a,PtypMultipleString,0x101f
PidNameExchDataExpectedContentClass,n/a,PtypMultipleString,0x101f
PidNameExchDataSchemaCollectionReference,n/a,PtypString,0x001f
PidNameExtractedAddresses,n/a,PtypString,0x001f
PidNameExtractedContacts,n/a,PtypString,0x001f
PidNameExtractedEmails,n/a,PtypString,0x001f
PidNameExtractedMeetings,n/a,PtypString,0x001f
PidNameExtractedPhones,n/a,PtypString,0x001f
PidNameExtractedTasks,n/a,PtypString,0x001f
PidNameExtractedUrls,n/a,PtypString,0x001f
PidNameFrom,n/a,PtypString,0x001f
PidNameHeadingPairs,n/a,PtypBinary,0x0102
PidNameHiddenCount,n/a,PtypInteger32,0x0003
PidNameHttpmailCalendar,n/a,PtypString,0x001f
PidNameHttpmailHtmlDescription,n/a,PtypString,0x001f
PidNameHttpmailSendMessage,n/a,PtypString,0x001f
PidNameICalendarRecurrenceDate,n/a,PtypMultipleTime,0x1040
PidNameICalendarRecurrenceRule,n/a,PtypMultipleString,0x101f
PidNameIntern,n/a,PtypString,0x001f
PidNameIsBirthdayContactWritable,n/a,PtypBoolean,0x000b
PidNameKeywords,n/a,PtypMultipleString,0x101f
PidNameLastAuthor,n/a,PtypString,0x001f
PidNameLastPrinted,n/a,PtypTime,0x0040
PidNameLastSaveDateTime,n/a,PtypTime,0x0040
PidNameLineCount,n/a,PtypInteger32,0x0003
PidNameLinksDirty,n/a,PtypBoolean,0x000b
PidNameLocationUrl,n/a,PtypString,0x001f
PidNameManager,n/a,PtypString,0x001f
PidNameMeetingDoNotForward,n/a,PtypBoolean,0x000b
PidNameMSIPLabels,n/a,PtypString,0x001f
PidNameMultimediaClipCount,n/a,PtypInteger32,0x0003
PidNameNoteCount,n/a,PtypInteger32,0x0003
PidNameOMSAccountGuid,n/a,PtypString,0x001f
PidNameOMSMobileModel,n/a,PtypString,0x001f
PidNameOMSScheduleTime,n/a,PtypTime,0x0040
PidNameOMSServiceType,n/a,PtypInteger32,0x0003
PidNameOMSSourceType,n/a,PtypInteger32,0x0003
PidNamePageCount,n/a,PtypInteger32,0x0003
PidNameParagraphCount,n/a,PtypInteger32,0x0003
PidNamePhishingStamp,n/a,PtypInteger32,0x0003
PidNamePresentationFormat,n/a,PtypString,0x001f
PidNameQuarantineOriginalSender,n/a,PtypString,0x001f
PidNameRevisionNumber,n/a,PtypString,0x001f
PidNameRightsManagementLicense,n/a,PtypMultipleBinary,0x1102
PidNameScale,n/a,PtypBoolean,0x000b
PidNameSecurity,n/a,PtypInteger32,0x0003
PidNameSlideCount,n/a,PtypInteger32,0x0003
PidNameSubject,n/a,PtypString,0x001f
PidNameTemplate,n/a,PtypString,0x001f
PidNameThumbnail,n/a,PtypBinary,0x0102
PidNameTitle,n/a,PtypString,0x001f
PidNameWordCount,n/a,PtypInteger32,0x0003
PidNameXCallId,n/a,PtypString,0x001f
PidNameXFaxNumberOfPages,n/a,PtypInteger16,0x0002
PidNameXRequireProtectedPlayOnPhone,n/a,PtypBoolean,0x000b
PidNameXSenderTelephoneNumber,n/a,PtypString,0x001f
PidNameXSharingBrowseUrl,n/a,PtypString,0x001f
PidNameXSharingCapabilities,n/a,PtypString,0x001f
PidNameXSharingConfigUrl,n/a,PtypString,0x001f
PidNameXSharingExendedCaps,n/a,PtypString,0x001f
PidNameXSharingFlavor,n/a,PtypString,0x001f
PidNameXSharingInstanceGuid,n/a,PtypString,0x001f
PidNameXSharingLocalType,n/a,PtypString,0x001f
PidNameXSharingProviderGuid,n/a,PtypString,0x001f
PidNameXSharingProviderName,n/a,PtypString,0x001f
PidNameXSharingProviderUrl,n/a,PtypString,0x001f
PidNameXSharingRemoteName,n/a,PtypString,0x001f
PidNameXSharingRemotePath,n/a,PtypString,0x001f
PidNameXSharingRemoteStoreUid,n/a,PtypString,0x001f
PidNameXSharingRemoteType,n/a,PtypString,0x001f
PidNameXSharingRemoteUid,n/a,PtypString,0x001f
PidNameXVoiceMessageAttachmentOrder,n/a,PtypString,0x001f
PidNameXVoiceMessageDuration,n/a,PtypInteger16,0x0002
PidNameXVoiceMessageSenderName,n/a,PtypString,0x001f
PidTagAccess,0x0ff4,PtypInteger32,0x0003
PidTagAccessControlListData,0x3fe0,PtypBinary,0x0102
PidTagAccessLevel,0x0ff7,PtypInteger32,0x0003
PidTagAccount,0x3a00,PtypString,0x001f
PidTagAdditionalRenEntryIds,0x36d8,PtypMultipleBinary,0x1102
PidTagAdditionalRenEntryIdsEx,0x36d9,PtypBinary,0x0102
PidTagAddressBookAuthorizedSenders,0x8cd8,PtypObject,0x000d
PidTagAddressBookContainerId,0xfffd,PtypInteger32,0x0003
PidTagAddressBookDeliveryContentLength,0x806a,PtypInteger32,0x0003
PidTagAddressBookDisplayNamePrintable,0x39ff,PtypString,0x001f
PidTagAddressBookDisplayTypeExtended,0x8c93,PtypInteger32,0x0003
PidTagAddressBookDistributionListExternalMemberCount,0x8ce3,PtypInteger32,0x0003
PidTagAddressBookDistributionListMemberCount,0x8ce2,PtypInteger32,0x0003
PidTagAddressBookDistributionListMemberSubmitAccepted,0x8073,PtypObject,0x000d
PidTagAddressBookDistributionListMemberSubmitRejected,0x8cda,PtypObject,0x000d
PidTagAddressBookDistributionListRejectMessagesFromDLMembers,0x8cdb,PtypObject,0x000d
PidTagAddressBookEntryId,0x663b,PtypBinary,0x0102
PidTagAddressBookExtensionAttribute1,0x802d,PtypString,0x001f
PidTagAddressBookExtensionAttribute10,0x8036,PtypString,0x001f
PidTagAddressBookExtensionAttribute11,0x8c57,PtypString,0x001f
PidTagAddressBookExtensionAttribute12,0x8c58,PtypString,0x001f
PidTagAddressBookExtensionAttribute13,0x8c59,PtypString,0x001f
PidTagAddressBookExtensionAttribute14,0x8c60,PtypString,0x001f
PidTagAddressBookExtensionAttribute15,0x8c61,PtypString,0x001f
PidTagAddressBookExtensionAttribute2,0x802e,PtypString,0x001f
PidTagAddressBookExtensionAttribute3,0x802f,PtypString,0x001f
PidTagAddressBookExtensionAttribute4,0x8030,PtypString,0x001f
PidTagAddressBookExtensionAttribute5,0x8031,PtypString,0x001f
PidTagAddressBookExtensionAttribute7,0x8033,PtypString,0x001f
PidTagAddressBookExtensionAttribute8,0x8034,PtypString,0x001f
PidTagAddressBookExtensionAttribute9,0x8035,PtypString,0x001f
PidTagAddressBookFolderPathname,0x8004,PtypString,0x001f
PidTagAddressBookHierarchichalChildDepartments,0x8c9a,PtypEmbeddedTable,0x000d
PidTagAddressBookHierarchicalDepartme,0x8c97,PtypEmbeddedTable,0x000d
PidTagAddressBookHierarchicalIsHierarchicalG,0x8cdd,PtypBoolean,0x000b
PidTagAddressBookHierarchicalParentDepartment,0x8c99,PtypEmbeddedTable,0x000d
PidTagAddressBookHierarchicalRootDepartment,0x8c98,PtypString8,0x001e
PidTagAddressBookHierarchicalShowInDepartments,0x8c94,PtypEmbeddedTable,0x000d
PidTagAddressBookHomeMessageDatabase,0x8006,PtypString8,0x001e
PidTagAddressBookIsMaster,0xfffb,PtypBoolean,0x000b
PidTagAddressBookIsMemberOfDistributionList,0x8008,PtypString8,0x001e
PidTagAddressBookManageDistributionList,0x6704,PtypObject,0x000d
PidTagAddressBookManager,0x8005,PtypObject,0x000d
PidTagAddressBookManagerDistinguishedName,0x8005,PtypString,0x001f
PidTagAddressBookMember,0x8009,PtypEmbeddedTable,0x000d
PidTagAddressBookMessageId,0x674f,PtypInteger64,0x0014
PidTagAddressBookModerationEnabled,0x8cb5,PtypBoolean,0x000b
PidTagAddressBookNetworkAddress,0x8170,PtypMultipleString,0x101f
PidTagAddressBookObjectDistinguishedName,0x803c,PtypString,0x001f
PidTagAddressBookObjectGuid,0x8c6d,PtypBinary,0x0102
PidTagAddressBookOrganizationalUnitRootDistinguishedName,0x8ca8,PtypString,0x001f
PidTagAddressBookOwner,0x800c,PtypEmbeddedTable,0x000d
PidTagAddressBookOwnerBackLink,0x8024,PtypEmbeddedTable,0x000d
PidTagAddressBookParentEntryId,0xfffc,PtypBinary,0x0102
PidTagAddressBookPhoneticCompanyName,0x8c91,PtypString,0x001f
PidTagAddressBookPhoneticDepartmentName,0x8c90,PtypString,0x001f
PidTagAddressBookPhoneticDisplayName,0x8c92,PtypString,0x001f
PidTagAddressBookPhoneticGivenName,0x8c8e,PtypString,0x001f
PidTagAddressBookPhoneticSurname,0x8c8f,PtypString,0x001f
PidTagAddressBookProxyAddresses,0x800f,PtypMultipleString,0x101f
PidTagAddressBookPublicDelegates,0x8015,PtypEmbeddedTable,0x000d
PidTagAddressBookReports,0x800e,PtypEmbeddedTable,0x000d
PidTagAddressBookRoomCapacity,0x0807,PtypInteger32,0x0003
PidTagAddressBookRoomCon,0x8c96,PtypMultipleString,0x101f
PidTagAddressBookRoomDescription,0x0809,PtypString,0x001f
PidTagAddressBookSenderHintTranslations,0x8cac,PtypMultipleString,0x101f
PidTagAddressBookSeniorityIndex,0x8ca0,PtypInteger32,0x0003
PidTagAddressBookTarge,0x8011,PtypString,0x001f
PidTagAddressBookUnauthorizedSenders,0x8cd9,PtypObject,0x000d
PidTagAddressBookX509Certificate,0x8c6a,PtypMultipleBinary,0x1102
PidTagAddressType,0x3002,PtypString,0x001f
PidTagAlternateRecipientAllowed,0x0002,PtypBoolean,0x000b
PidTagAnr,0x360c,PtypString,0x001f
PidTagArchiveDate,0x301f,PtypTime,0x0040
PidTagArchivePeriod,0x301e,PtypInteger32,0x0003
PidTagArchiveTag,0x3018,PtypBinary,0x0102
PidTagAssistant,0x3a30,PtypString,0x001f
PidTagAssistantTelephoneNumber,0x3a2e,PtypString,0x001f
PidTagAssociated,0x67aa,PtypBoolean,0x000b
PidTagAttachAdditionalInformation,0x370f,PtypBinary,0x0102
PidTagAttachContentBase,0x3711,PtypString,0x001f
PidTagAttachContentId,0x3712,PtypString,0x001f
PidTagAttachContentLocation,0x3713,PtypString,0x001f
PidTagAttachDataBinary,0x3701,PtypBinary,0x0102
PidTagAttachDataBinary,0x3701,PtypObject,0x000d
PidTagAttachEncoding,0x3702,PtypBinary,0x0102
PidTagAttachExtension,0x3703,PtypString,0x001f
PidTagAttachFilename,0x3704,PtypString,0x001f
PidTagAttachFlags,0x3714,PtypInteger32,0x0003
PidTagAttachLongFilename,0x3707,PtypString,0x001f
PidTagAttachLongPathname,0x370d,PtypString,0x001f
PidTagAttachmentContactPhoto,0x7fff,PtypBoolean,0x000b
PidTagAttachmentFlags,0x7ffd,PtypInteger32,0x0003
PidTagAttachmentHidden,0x7ffe,PtypBoolean,0x000b
PidTagAttachmentLinkId,0x7ffa,PtypInteger32,0x0003
PidTagAttachMethod,0x3705,PtypInteger32,0x0003
PidTagAttachMimeTag,0x370e,PtypString,0x001f
PidTagAttachNumber,0x0e21,PtypInteger32,0x0003
PidTagAttachPathname,0x3708,PtypString,0x001f
PidTagAttachPayloadClass,0x371a,PtypString,0x001f
PidTagAttachPayloadProviderGuidString,0x3719,PtypString,0x001f
PidTagAttachRendering,0x3709,PtypBinary,0x0102
PidTagAttachSize,0x0e20,PtypInteger32,0x0003
PidTagAttachTag,0x370a,PtypBinary,0x0102
PidTagAttachTransportName,0x370c,PtypString,0x001f
PidTagAttributeHidden,0x10f4,PtypBoolean,0x000b
PidTagAttributeReadOnly,0x10f6,PtypBoolean,0x000b
PidTagAutoForwardComment,0x0004,PtypString,0x001f
PidTagAutoForwarded,0x0005,PtypBoolean,0x000b
PidTagAutoResponseSuppress,0x3fdf,PtypInteger32,0x0003
PidTagBirthday,0x3a42,PtypTime,0x0040
PidTagBlockStatus,0x1096,PtypInteger32,0x0003
PidTagBody,0x1000,PtypString,0x001f
PidTagBodyContentId,0x1015,PtypString,0x001f
PidTagBodyContentLocation,0x1014,PtypString,0x001f
PidTagBodyHtml,0x1013,PtypString,0x001f
PidTagBusiness2TelephoneNumber,0x3a1b,PtypString,0x001f
PidTagBusiness2TelephoneNumbers,0x3a1b,PtypMultipleString,0x101f
PidTagBusinessFaxNumber,0x3a24,PtypString,0x001f
PidTagBusinessHomePage,0x3a51,PtypString,0x001f
PidTagBusinessTelephoneNumber,0x3a08,PtypString,0x001f
PidTagCallbackTelephoneNumber,0x3a02,PtypString,0x001f
PidTagCallId,0x6806,PtypString,0x001f
PidTagCarTelephoneNumber,0x3a1e,PtypString,0x001f
PidTagCdoRecurrenceid,0x10c5,PtypTime,0x0040
PidTagChangeKey,0x65e2,PtypBinary,0x0102
PidTagChangeNumber,0x67a4,PtypInteger64,0x0014
PidTagChildren,0x3a58,PtypMultipleString,0x101f
PidTagClientActions,0x6645,PtypBinary,0x0102
PidTagClientSubmitTime,0x0039,PtypTime,0x0040
PidTagCodePageId,0x66c3,PtypInteger32,0x0003
PidTagComment,0x3004,PtypString,0x001f
PidTagCompanyMainTelephoneNumber,0x3a57,PtypString,0x001f
PidTagCompanyName,0x3a16,PtypString,0x001f
PidTagComputerNetworkName,0x3a49,PtypString,0x001f
PidTagConflictEntryId,0x3ff0,PtypBinary,0x0102
PidTagContainerClass,0x3613,PtypString,0x001f
PidTagContainerContents,0x360f,PtypEmbeddedTable,0x000d
PidTagContainerFlags,0x3600,PtypInteger32,0x0003
PidTagContainerHierarchy,0x360e,PtypObject,0x000d
PidTagContentCount,0x3602,PtypInteger32,0x0003
PidTagContentFilterSpamConfidenceLevel,0x4076,PtypInteger32,0x0003
PidTagContentUnreadCount,0x3603,PtypInteger32,0x0003
PidTagConversationId,0x3013,PtypBinary,0x0102
PidTagConversationIndex,0x0071,PtypBinary,0x0102
PidTagConversationIndexTracking,0x3016,PtypBoolean,0x000b
PidTagConversationTopic,0x0070,PtypString,0x001f
PidTagCountry,0x3a26,PtypString,0x001f
PidTagCreationTime,0x3007,PtypTime,0x0040
PidTagCreatorEntryId,0x3ff9,PtypBinary,0x0102
PidTagCreatorName,0x3ff8,PtypString,0x001f
PidTagCustomerId,0x3a4a,PtypString,0x001f
PidTagDamBackPatched,0x6647,PtypBoolean,0x000b
PidTagDamOriginalEntryId,0x6646,PtypBinary,0x0102
PidTagDefaultPostMessageClass,0x36e5,PtypString,0x001f
PidTagDeferredActionMessageOriginalEntryId,0x6741,PtypServerId,0x00fb
PidTagDeferredDeliveryTime,0x000f,PtypTime,0x0040
PidTagDeferredSendNumber,0x3feb,PtypInteger32,0x0003
PidTagDeferredSendTime,0x3fef,PtypTime,0x0040
PidTagDeferredSendUnits,0x3fec,PtypInteger32,0x0003
PidTagDelegatedByRule,0x3fe3,PtypBoolean,0x000b
PidTagDelegateFlags,0x686b,PtypMultipleInteger32,0x1003
PidTagDeleteAfterSubmit,0x0e01,PtypBoolean,0x000b
PidTagDeletedCountTotal,0x670b,PtypInteger32,0x0003
PidTagDeletedOn,0x668f,PtypTime,0x0040
PidTagDeliverTime,0x0010,PtypTime,0x0040
PidTagDepartmentName,0x3a18,PtypString,0x001f
PidTagDepth,0x3005,PtypInteger32,0x0003
PidTagDisplayBcc,0x0e02,PtypString,0x001f
PidTagDisplayCc,0x0e03,PtypString,0x001f
PidTagDisplayName,0x3001,PtypString,0x001f
PidTagDisplayNamePrefix,0x3a45,PtypString,0x001f
PidTagDisplayTo,0x0e04,PtypString,0x001f
PidTagDisplayType,0x3900,PtypInteger32,0x0003
PidTagDisplayTypeEx,0x3905,PtypInteger32,0x0003
PidTagEmailAddress,0x3003,PtypString,0x001f
PidTagEndDate,0x0061,PtypTime,0x0040
PidTagEntryId,0x0fff,PtypBinary,0x0102
PidTagExceptionEndTime,0x7ffc,PtypTime,0x0040
PidTagExceptionReplaceTime,0x7ff9,PtypTime,0x0040
PidTagExceptionStartTime,0x7ffb,PtypTime,0x0040
PidTagExchangeNTSecurityDescriptor,0x0e84,PtypBinary,0x0102
PidTagExpiryNumber,0x3fed,PtypInteger32,0x0003
PidTagExpiryTime,0x0015,PtypTime,0x0040
PidTagExpiryUnits,0x3fee,PtypInteger32,0x0003
PidTagExtendedFolderFlags,0x36da,PtypBinary,0x0102
PidTagExtendedRuleMessageActions,0x0e99,PtypBinary,0x0102
PidTagExtendedRuleMessageCondition,0x0e9a,PtypBinary,0x0102
PidTagExtendedRuleSizeLimit,0x0e9b,PtypInteger32,0x0003
PidTagFaxNumberOfPages,0x6804,PtypInteger32,0x0003
PidTagFlagCompleteTime,0x1091,PtypTime,0x0040
PidTagFlagStatus,0x1090,PtypInteger32,0x0003
PidTagFlatUrlName,0x670e,PtypString,0x001f
PidTagFolderAssociatedContents,0x3610,PtypObject,0x000d
PidTagFolderId,0x6748,PtypInteger64,0x0014
PidTagFolderFlags,0x66a8,PtypInteger32,0x0003
PidTagFolderType,0x3601,PtypInteger32,0x0003
PidTagFollowupIcon,0x1095,PtypInteger32,0x0003
PidTagFreeBusyCountMonths,0x6869,PtypInteger32,0x0003
PidTagFreeBusyEntryIds,0x36e4,PtypMultipleBinary,0x1102
PidTagFreeBusyMessageEmailAddress,0x6849,PtypString,0x001f
PidTagFreeBusyPublishEnd,0x6848,PtypInteger32,0x0003
PidTagFreeBusyPublishStart,0x6847,PtypInteger32,0x0003
PidTagFreeBusyRangeTimestamp,0x6868,PtypTime,0x0040
PidTagFtpSite,0x3a4c,PtypString,0x001f
PidTagGatewayNeedsToRefresh,0x6846,PtypBoolean,0x000b
PidTagGender,0x3a4d,PtypInteger16,0x0002
PidTagGeneration,0x3a05,PtypString,0x001f
PidTagGivenName,0x3a06,PtypString,0x001f
PidTagGovernmentIdNumber,0x3a07,PtypString,0x001f
PidTagHasAttach,0x0e1b,PtypBoolean,0x000b
PidTagHasDeferredActionMessages,0x3fea,PtypBoolean,0x000b
PidTagHasNamedProperties,0x664a,PtypBoolean,0x000b
PidTagHasRules,0x663a,PtypBoolean,0x000b
PidTagHierarchyChangeNumber,0x663e,PtypInteger32,0x0003
PidTagHierRev,0x4082,PtypTime,0x0040
PidTagHobbies,0x3a43,PtypString,0x001f
PidTagHome2TelephoneNumber,0x3a2f,PtypString,0x001f
PidTagHome2TelephoneNumbers,0x3a2f,PtypMultipleString,0x101f
PidTagHomeAddressCity,0x3a59,PtypString,0x001f
PidTagHomeAddressCountry,0x3a5a,PtypString,0x001f
PidTagHomeAddressPostalCode,0x3a5b,PtypString,0x001f
PidTagHomeAddressPostOfficeBox,0x3a5e,PtypString,0x001f
PidTagHomeAddressStateOrProvince,0x3a5c,PtypString,0x001f
PidTagHomeAddressStreet,0x3a5d,PtypString,0x001f
PidTagHomeFaxNumber,0x3a25,PtypString,0x001f
PidTagHomeTelephoneNumber,0x3a09,PtypString,0x001f
PidTagHtml,0x1013,PtypBinary,0x0102
PidTagICalendarEndTime,0x10c4,PtypTime,0x0040
PidTagICalendarReminderNextTime,0x10ca,PtypTime,0x0040
PidTagICalendarStartTime,0x10c3,PtypTime,0x0040
PidTagIconIndex,0x1080,PtypInteger32,0x0003
PidTagImportance,0x0017,PtypInteger32,0x0003
PidTagInConflict,0x666c,PtypBoolean,0x000b
PidTagInitialDetailsPane,0x3f08,PtypInteger32,0x0003
PidTagInitials,0x3a0a,PtypString,0x001f
PidTagInReplyToId,0x1042,PtypString,0x001f
PidTagInstanceKey,0x0ff6,PtypBinary,0x0102
PidTagInstanceNum,0x674e,PtypInteger32,0x0003
PidTagInstID,0x674d,PtypInteger64,0x0014
PidTagInternetCodepage,0x3fde,PtypInteger32,0x0003
PidTagInternetMailOverrideFormat,0x5902,PtypInteger32,0x0003
PidTagInternetMessageId,0x1035,PtypString,0x001f
PidTagInternetReferences,0x1039,PtypString,0x001f
PidTagIpmAppointmentEntryId,0x36d0,PtypBinary,0x0102
PidTagIpmContactEntryId,0x36d1,PtypBinary,0x0102
PidTagIpmDraftsEntryId,0x36d7,PtypBinary,0x0102
PidTagIpmJournalEntryId,0x36d2,PtypBinary,0x0102
PidTagIpmNoteEntryId,0x36d3,PtypBinary,0x0102
PidTagIpmTaskEntryId,0x36d4,PtypBinary,0x0102
PidTagIsdnNumber,0x3a2d,PtypString,0x001f
PidTagJunkAddRecipientsToSafeSendersList,0x6103,PtypInteger32,0x0003
PidTagJunkIncludeContacts,0x6100,PtypInteger32,0x0003
PidTagJunkPermanentlyDelete,0x6102,PtypInteger32,0x0003
PidTagJunkPhishingEnableLinks,0x6107,PtypBoolean,0x000b
PidTagJunkThreshold,0x6101,PtypInteger32,0x0003
PidTagKeyword,0x3a0b,PtypString,0x001f
PidTagLanguage,0x3a0c,PtypString,0x001f
PidTagLastModificationTime,0x3008,PtypTime,0x0040
PidTagLastModifierEntryId,0x3ffb,PtypBinary,0x0102
PidTagLastModifierName,0x3ffa,PtypString,0x001f
PidTagLastVerbExecuted,0x1081,PtypInteger32,0x0003
PidTagLastVerbExecutionTime,0x1082,PtypTime,0x0040
PidTagListHelp,0x1043,PtypString,0x001f
PidTagListSubscribe,0x1044,PtypString,0x001f
PidTagListUnsubscribe,0x1045,PtypString,0x001f
PidTagLocalCommitTime,0x6709,PtypTime,0x0040
PidTagLocalCommitTimeMax,0x670a,PtypTime,0x0040
PidTagLocaleId,0x66a1,PtypInteger32,0x0003
PidTagLocality,0x3a27,PtypString,0x001f
PidTagLocation,0x3a0d,PtypString,0x001f
PidTagMailboxOwnerEntryId,0x661b,PtypBinary,0x0102
PidTagMailboxOwnerName,0x661c,PtypString,0x001f
PidTagManagerName,0x3a4e,PtypString,0x001f
PidTagMappingSignature,0x0ff8,PtypBinary,0x0102
PidTagMaximumSubmitMessageSize,0x666d,PtypInteger32,0x0003
PidTagMemberId,0x6671,PtypInteger64,0x0014
PidTagMemberName,0x6672,PtypString,0x001f
PidTagMemberRights,0x6673,PtypInteger32,0x0003
PidTagMessageAttachments,0x0e13,PtypObject,0x000d
PidTagMessageCcMe,0x0058,PtypBoolean,0x000b
PidTagMessageClass,0x001a,PtypString,0x001f
PidTagMessageCodepage,0x3ffd,PtypInteger32,0x0003
PidTagMessageDeliveryTime,0x0e06,PtypTime,0x0040
PidTagMessageEditorFormat,0x5909,PtypInteger32,0x0003
PidTagMessageFlags,0x0e07,PtypInteger32,0x0003
PidTagMessageHandlingSystemCommonName,0x3a0f,PtypString,0x001f
PidTagMessageLocaleId,0x3ff1,PtypInteger32,0x0003
PidTagMessageRecipientMe,0x0059,PtypBoolean,0x000b
PidTagMessageRecipients,0x0e12,PtypObject,0x000d
PidTagMessageSize,0x0e08,PtypInteger32,0x0003
PidTagMessageSizeExtended,0x0e08,PtypInteger64,0x0014
PidTagMessageStatus,0x0e17,PtypInteger32,0x0003
PidTagMessageSubmissionId,0x0047,PtypBinary,0x0102
PidTagMessageToMe,0x0057,PtypBoolean,0x000b
PidTagMid,0x674a,PtypInteger64,0x0014
PidTagMiddleName,0x3a44,PtypString,0x001f
PidTagMimeSkeleton,0x64f0,PtypBinary,0x0102
PidTagMobileTelephoneNumber,0x31ac,PtypString,0x001f
PidTagNativeBody,0x1016,PtypInteger32,0x0003
PidTagNextSendAcct,0x0e29,PtypString,0x001f
PidTagNickname,0x3a4f,PtypString,0x001f
PidTagNonDeliveryReportDiagCode,0x0c05,PtypInteger32,0x0003
PidTagNonDeliveryReportReasonCode,0x0c04,PtypInteger32,0x0003
PidTagNonDeliveryReportStatusCode,0x0c20,PtypInteger32,0x0003
PidTagNonReceiptNotificationRequested,0x0c06,PtypBoolean,0x000b
PidTagNormalizedSubject,0x0e1d,PtypString,0x001f
PidTagObjectType,0x0ffe,PtypInteger32,0x0003
PidTagOfficeLocation,0x3a19,PtypString,0x001f
PidTagOfflineAddressBookContainerGuid,0x6802,PtypString8,0x001e
PidTagOfflineAddressBookDistinguishedName,0x6804,PtypString8,0x001e
PidTagOfflineAddressBookMessageClass,0x6803,PtypInteger32,0x0003
PidTagOfflineAddressBookName,0x6800,PtypString,0x001f
PidTagOfflineAddressBookSequence,0x6801,PtypInteger32,0x0003
PidTagOfflineAddressBookTruncatedProperties,0x6805,PtypMultipleInteger32,0x1003
PidTagOrdinalMost,0x36e2,PtypInteger32,0x0003
PidTagOrganizationalIdNumber,0x3a10,PtypString,0x001f
PidTagOriginalAuthorEntryId,0x004c,PtypBinary,0x0102
PidTagOriginalAuthorName,0x004d,PtypString,0x001f
PidTagOriginalDeliveryTime,0x0055,PtypTime,0x0040
PidTagOriginalDisplayBcc,0x0072,PtypString,0x001f
PidTagOriginalDisplayCc,0x0073,PtypString,0x001f
PidTagOriginalDisplayTo,0x0074,PtypString,0x001f
PidTagOriginalEntryId,0x3a12,PtypBinary,0x0102
PidTagOriginalMessageClass,0x004b,PtypString,0x001f
PidTagOriginalMessageId,0x1046,PtypString,0x001f
PidTagOriginalSenderAddressType,0x0066,PtypString,0x001f
PidTagOriginalSenderEmailAddress,0x0067,PtypString,0x001f
PidTagOriginalSenderEntryId,0x005b,PtypBinary,0x0102
PidTagOriginalSenderName,0x005a,PtypString,0x001f
PidTagOriginalSenderSearchKey,0x005c,PtypBinary,0x0102
PidTagOriginalSensitivity,0x002e,PtypInteger32,0x0003
PidTagOriginalSentRepresentingAddressType,0x0068,PtypString,0x001f
PidTagOriginalSentRepresentingEmailAddress,0x0069,PtypString,0x001f
PidTagOriginalSentRepresentingEntryId,0x005e,PtypBinary,0x0102
PidTagOriginalSentRepresentingName,0x005d,PtypString,0x001f
PidTagOriginalSentRepresentingSearchKey,0x005f,PtypBinary,0x0102
PidTagOriginalSubject,0x0049,PtypString,0x001f
PidTagOriginalSubmitTime,0x004e,PtypTime,0x0040
PidTagOriginatorDeliveryReportRequested,0x0023,PtypBoolean,0x000b
PidTagOriginatorNonDeliveryReportRequested,0x0c08,PtypBoolean,0x000b
PidTagOscSyncEnabled,0x7c24,PtypBoolean,0x000b
PidTagOtherAddressCity,0x3a5f,PtypString,0x001f
PidTagOtherAddressCountry,0x3a60,PtypString,0x001f
PidTagOtherAddressPostalCode,0x3a61,PtypString,0x001f
PidTagOtherAddressPostOfficeBox,0x3a64,PtypString,0x001f
PidTagOtherAddressStateOrProvince,0x3a62,PtypString,0x001f
PidTagOtherAddressStreet,0x3a63,PtypString,0x001f
PidTagOtherTelephoneNumber,0x3a1f,PtypString,0x001f
PidTagOutOfOfficeState,0x661d,PtypBoolean,0x000b
PidTagOwnerAppointmentId,0x0062,PtypInteger32,0x0003
PidTagPagerTelephoneNumber,0x3a21,PtypString,0x001f
PidTagParentEntryId,0x0e09,PtypBinary,0x0102
PidTagParentFolderId,0x6749,PtypInteger64,0x0014
PidTagParentKey,0x0025,PtypBinary,0x0102
PidTagParentSourceKey,0x65e1,PtypBinary,0x0102
PidTagPersonalHomePage,0x3a50,PtypString,0x001f
PidTagPolicyTag,0x3019,PtypBinary,0x0102
PidTagPostalAddress,0x3a15,PtypString,0x001f
PidTagPostalCode,0x3a2a,PtypString,0x001f
PidTagPostOfficeBox,0x3a2b,PtypString,0x001f
PidTagPredecessorChangeList,0x65e3,PtypBinary,0x0102
PidTagPrimaryFaxNumber,0x3a23,PtypString,0x001f
PidTagPrimarySendAccount,0x0e28,PtypString,0x001f
PidTagPrimaryTelephoneNumber,0x3a1a,PtypString,0x001f
PidTagPriority,0x0026,PtypInteger32,0x0003
PidTagProcessed,0x7d01,PtypBoolean,0x000b
PidTagProfession,0x3a46,PtypString,0x001f
PidTagProhibitReceiveQuota,0x666a,PtypInteger32,0x0003
PidTagProhibitSendQuota,0x666e,PtypInteger32,0x0003
PidTagPurportedSenderDomain,0x4083,PtypString,0x001f
PidTagRadioTelephoneNumber,0x3a1d,PtypString,0x001f
PidTagRead,0x0e69,PtypBoolean,0x000b
PidTagReadReceiptAddressType,0x4029,PtypString,0x001f
PidTagReadReceiptEmailAddress,0x402a,PtypString,0x001f
PidTagReadReceiptEntryId,0x0046,PtypBinary,0x0102
PidTagReadReceiptName,0x402b,PtypString,0x001f
PidTagReadReceiptRequested,0x0029,PtypBoolean,0x000b
PidTagReadReceiptSearchKey,0x0053,PtypBinary,0x0102
PidTagReadReceiptSmtpAddress,0x5d05,PtypString,0x001f
PidTagReceiptTime,0x002a,PtypTime,0x0040
PidTagReceivedByAddressType,0x0075,PtypString,0x001f
PidTagReceivedBy,0x0076,PtypString,0x001f
PidTagReceivedByEntryId,0x003f,PtypBinary,0x0102
PidTagReceivedByName,0x0040,PtypString,0x001f
PidTagReceivedBySearchKey,0x0051,PtypBinary,0x0102
PidTagReceivedBySmtpAddress,0x5d07,PtypString,0x001f
PidTagReceivedRepresentingAddressType,0x0077,PtypString,0x001f
PidTagReceivedRepresentingEmailAddress,0x0078,PtypString,0x001f
PidTagReceivedRepresentingEntryId,0x0043,PtypBinary,0x0102
PidTagReceivedRepresentingName,0x0044,PtypString,0x001f
PidTagReceivedRepresentingSearchKey,0x0052,PtypBinary,0x0102
PidTagReceivedRepresentingSmtpAddress,0x5d08,PtypString,0x001f
PidTagRecipientDisplayName,0x5ff6,PtypString,0x001f
PidTagRecipientEntryId,0x5ff7,PtypBinary,0x0102
PidTagRecipientFlags,0x5ffd,PtypInteger32,0x0003
PidTagRecipientOrder,0x5fdf,PtypInteger32,0x0003
PidTagRecipientProposed,0x5fe1,PtypBoolean,0x000b
PidTagRecipientProposedEndTime,0x5fe4,PtypTime,0x0040
PidTagRecipientProposedStartTime,0x5fe3,PtypTime,0x0040
PidTagRecipientReassignmentProhibited,0x002b,PtypBoolean,0x000b
PidTagRecipientTrackStatus,0x5fff,PtypInteger32,0x0003
PidTagRecipientTrackStatusTime,0x5ffb,PtypTime,0x0040
PidTagRecipientType,0x0c15,PtypInteger32,0x0003
PidTagRecordKey,0x0ff9,PtypBinary,0x0102
PidTagReferredByName,0x3a47,PtypString,0x001f
PidTagRemindersOnlineEntryId,0x36d5,PtypBinary,0x0102
PidTagRemoteMessageTransferAgent,0x0c21,PtypString,0x001f
PidTagRenderingPosition,0x370b,PtypInteger32,0x0003
PidTagReplyRecipientEntries,0x004f,PtypBinary,0x0102
PidTagReplyRecipientNames,0x0050,PtypString,0x001f
PidTagReplyRequested,0x0c17,PtypBoolean,0x000b
PidTagReplyTemplateId,0x65c2,PtypBinary,0x0102
PidTagReplyTime,0x0030,PtypTime,0x0040
PidTagReportDisposition,0x0080,PtypString,0x001f
PidTagReportDispositionMode,0x0081,PtypString,0x001f
PidTagReportEntryId,0x0045,PtypBinary,0x0102
PidTagReportingMessageTransferAgent,0x6820,PtypString,0x001f
PidTagReportName,0x003a,PtypString,0x001f
PidTagReportSearchKey,0x0054,PtypBinary,0x0102
PidTagReportTag,0x0031,PtypBinary,0x0102
PidTagReportText,0x1001,PtypString,0x001f
PidTagReportTime,0x0032,PtypTime,0x0040
PidTagResolveMethod,0x3fe7,PtypInteger32,0x0003
PidTagResponseRequested,0x0063,PtypBoolean,0x000b
PidTagResponsibility,0x0e0f,PtypBoolean,0x000b
PidTagRetentionDate,0x301c,PtypTime,0x0040
PidTagRetentionFlags,0x301d,PtypInteger32,0x0003
PidTagRetentionPeriod,0x301a,PtypInteger32,0x0003
PidTagRights,0x6639,PtypInteger32,0x0003
PidTagRoamingDatatypes,0x7c06,PtypInteger32,0x0003
PidTagRoamingDictionary,0x7c07,PtypBinary,0x0102
PidTagRoamingXmlStream,0x7c08,PtypBinary,0x0102
PidTagRowid,0x3000,PtypInteger32,0x0003
PidTagRowType,0x0ff5,PtypInteger32,0x0003
PidTagRtfCompressed,0x1009,PtypBinary,0x0102
PidTagRtfInSync,0x0e1f,PtypBoolean,0x000b
PidTagRuleActionNumber,0x6650,PtypInteger32,0x0003
PidTagRuleActions,0x6680,PtypRuleAction,0x00fe
PidTagRuleActionType,0x6649,PtypInteger32,0x0003
PidTagRuleCondition,0x6679,PtypRestriction,0x00fd
PidTagRuleError,0x6648,PtypInteger32,0x0003
PidTagRuleFolderEntryId,0x6651,PtypBinary,0x0102
PidTagRuleId,0x6674,PtypInteger64,0x0014
PidTagRuleIds,0x6675,PtypBinary,0x0102
PidTagRuleLevel,0x6683,PtypInteger32,0x0003
PidTagRuleMessageLevel,0x65ed,PtypInteger32,0x0003
PidTagRuleMessageName,0x65ec,PtypString,0x001f
PidTagRuleMessageProvider,0x65eb,PtypString,0x001f
PidTagRuleMessageProviderData,0x65ee,PtypBinary,0x0102
PidTagRuleMessageSequence,0x65f3,PtypInteger32,0x0003
PidTagRuleMessageState,0x65e9,PtypInteger32,0x0003
PidTagRuleMessageUserFlags,0x65ea,PtypInteger32,0x0003
PidTagRuleName,0x6682,PtypString,0x001f
PidTagRuleProvider,0x6681,PtypString,0x001f
PidTagRuleProviderData,0x6684,PtypBinary,0x0102
PidTagRuleSequence,0x6676,PtypInteger32,0x0003
PidTagRuleState,0x6677,PtypInteger32,0x0003
PidTagRuleUserFlags,0x6678,PtypInteger32,0x0003
PidTagRwRulesStream,0x6802,PtypBinary,0x0102
PidTagScheduleInfoAppointmentTombstone,0x686a,PtypBinary,0x0102
PidTagScheduleInfoAutoAcceptAppointments,0x686d,PtypBoolean,0x000b
PidTagScheduleInfoDe,0x6845,PtypMultipleBinary,0x1102
PidTagScheduleInfoDelegateNames,0x6844,PtypMultipleString,0x101f
PidTagScheduleInfoDelegateNamesW,0x684a,PtypMultipeleString,0x101f
PidTagScheduleInfoDelegatorWantsCopy,0x6842,PtypBoolean,0x000b
PidTagScheduleInfoDelegatorWantsInfo,0x684b,PtypBoolean,0x000b
PidTagScheduleInfoDisallowOverlappingAppts,0x686f,PtypBoolean,0x000b
PidTagScheduleInfoDisallowRecurringAppts,0x686e,PtypBoolean,0x000b
PidTagScheduleInfoDontMailDelegates,0x6843,PtypBoolean,0x000b
PidTagScheduleInfoFreeBusy,0x686c,PtypBinary,0x0102
PidTagScheduleInfoFreeBusyAway,0x6856,PtypMultipleBinary,0x1102
PidTagScheduleInfoFreeBusyBusy,0x6854,PtypMultipleBinary,0x1102
PidTagScheduleInfoFreeBusyMerged,0x6850,PtypMultipleBinary,0x1102
PidTagScheduleInfoFreeBusyTentative,0x6852,PtypMultipleBinary,0x1102
PidTagScheduleInfoMonthsAway,0x6855,PtypMultipleInteger32,0x1003
PidTagScheduleInfoMonthsBusy,0x6853,PtypMultipleInteger32,0x1003
PidTagScheduleInfoMonthsMerged,0x684f,PtypMultipleInteger32,0x1003
PidTagScheduleInfoMonthsTentat,0x6851,PtypMultipleInteger32,0x1003
PidTagScheduleInfoResourceType,0x6841,PtypInteger32,0x0003
PidTagSchedulePlusFreeBusyEntryId,0x6622,PtypBinary,0x0102
PidTagScriptData,0x0004,PtypBinary,0x0102
PidTagSearchFolderDefinition,0x6845,PtypMultipeBinary,0x1102
PidTagSearchFolderEfpFlags,0x6848,PtypInteger32,0x0003
PidTagSearchFolderExpiration,0x683a,PtypInteger32,0x0003
PidTagSearchFolderId,0x6842,PtypBinary,0x0102
PidTagSearchFolderLastUsed,0x6834,PtypInteger32,0x0003
PidTagSearchFolderRecreateInfo,0x6844,PtypBinary,0x0102
PidTagSearchFolderStorageType,0x6846,PtypInteger32,0x0003
PidTagSearchFolderTag,0x6847,PtypInteger32,0x0003
PidTagSearchFolderTemplateId,0x6841,PtypInteger32,0x0003
PidTagSearchKey,0x300b,PtypBinary,0x0102
PidTagSecurityDescriptorAsXml,0x0e6a,PtypString,0x001f
PidTagSelectable,0x3609,PtypBoolean,0x000b
PidTagSenderAddressType,0x0c1e,PtypString,0x001f
PidTagSenderEmailAddress,0x0c1f,PtypString,0x001f
PidTagSenderEntryId,0x0c19,PtypBinary,0x0102
PidTagSenderIdStatus,0x4079,PtypInteger32,0x0003
PidTagSenderName,0x0c1a,PtypString,0x001f
PidTagSenderSearchKey,0x0c1d,PtypBinary,0x0102
PidTagSenderSmtpAddress,0x5d01,PtypString,0x001f
PidTagSenderTelephoneNumber,0x6802,PtypString,0x001f
PidTagSendInternetEncoding,0x3a71,PtypInteger32,0x0003
PidTagSendRichInfo,0x3a40,PtypBoolean,0x000b
PidTagSensitivity,0x0036,PtypInteger32,0x0003
PidTagSentMailSvrEID,0x6740,PtypServerId,0x00fb
PidTagSentRepresentingAddressType,0x0064,PtypString,0x001f
PidTagSentRepresentingEmailAddress,0x0065,PtypString,0x001f
PidTagSentRepresentingEntryId,0x0041,PtypBinary,0x0102
PidTagSentRepresentingFlags,0x401a,PtypInteger32,0x0003
PidTagSentRepresentingName,0x0042,PtypString,0x001f
PidTagSentRepresentingSearchKey,0x003b,PtypBinary,0x0102
PidTagSentRepresentingSmtpAddress,0x5d02,PtypString,0x001f
PidTagSerializedReplidG,0x6638,PtypBinary,0x0102
PidTagSmtpAddress,0x39fe,PtypString,0x001f
PidTagSortLocaleId,0x6705,PtypInteger32,0x0003
PidTagSourceKey,0x65e0,PtypBinary,0x0102
PidTagSpokenName,0x8cc2,PtypBinary,0x0102
PidTagSpouseName,0x3a48,PtypString,0x001f
PidTagStartDate,0x0060,PtypTime,0x0040
PidTagStartDateEtc,0x301b,PtypBinary,0x0102
PidTagStateOrProvince,0x3a28,PtypString,0x001f
PidTagStoreEntryId,0x0ffb,PtypBinary,0x0102
PidTagStoreState,0x340e,PtypInteger32,0x0003
PidTagStoreSupportMask,0x340d,PtypInteger32,0x0003
PidTagStreetAddress,0x3a29,PtypString,0x001f
PidTagSubfolders,0x360a,PtypBoolean,0x000b
PidTagSubject,0x0037,PtypString,0x001f
PidTagSubjectPrefix,0x003d,PtypString,0x001f
PidTagSupplementaryInfo,0x0c1b,PtypString,0x001f
PidTagSurname,0x3a11,PtypString,0x001f
PidTagSwappedToDoData,0x0e2d,PtypBinary,0x0102
PidTagSwappedToDoStore,0x0e2c,PtypBinary,0x0102
PidTagTargetEntryId,0x3010,PtypBinary,0x0102
PidTagTelecommunicationsDeviceForDeafTelephoneNumber,0x3a4b,PtypString,0x001f
PidTagTelexNumber,0x3a2c,PtypString,0x001f
PidTagTemplateData,0x0001,PtypBinary,0x0102
PidTagTemplateid,0x3902,PtypBinary,0x0102
PidTagTextAttachmentCharset,0x371b,PtypString,0x001f
PidTagThumbnailPhoto,0x8c9e,PtypBinary,0x0102
PidTagTitle,0x3a17,PtypString,0x001f
PidTagTnefCorrelationKey,0x007f,PtypBinary,0x0102
PidTagToDoItemFlags,0x0e2b,PtypInteger32,0x0003
PidTagTransmittableDisplayName,0x3a20,PtypString,0x001f
PidTagTransportMessageHeaders,0x007d,PtypString,0x001f
PidTagTrustSender,0x0e79,PtypInteger32,0x0003
PidTagUserCertificate,0x3a22,PtypBinary,0x0102
PidTagUserEntryId,0x6619,PtypBinary,0x0102
PidTagUserX509Certificate,0x3a70,PtypMultipleBinary,0x1102
PidTagViewDescriptorBinary,0x7001,PtypBinary,0x0102
PidTagViewDescriptorName,0x7006,PtypString,0x001f
PidTagViewDescriptorStrings,0x7002,PtypString,0x001f
PidTagViewDescriptorVersion,0x7007,PtypInteger32,0x0003
PidTagVoiceMessageAttachmentOrder,0x6805,PtypString,0x001f
PidTagVoiceMessageDuration,0x6801,PtypInteger32,0x0003
PidTagVoiceMessageSenderName,0x6803,PtypString,0x001f
PidTagWeddingAnniversary,0x3a41,PtypTime,0x0040
PidTagWlinkAddressBookEID,0x6854,PtypBinary,0x0102
PidTagWlinkAddressBookStoreEID,0x6891,PtypBinary,0x0102
PidTagWlinkCalendarColor,0x6853,PtypInteger32,0x0003
PidTagWlinkClientID,0x6890,PtypBinary,0x0102
PidTagWlinkEntryId,0x684c,PtypBinary,0x0102
PidTagWlinkFlags,0x684a,PtypInteger32,0x0003
PidTagWlinkFolderType,0x684f,PtypBinary,0x0102
PidTagWlinkGroupClsid,0x6850,PtypBinary,0x0102
PidTagWlinkGroupHeaderID,0x6842,PtypBinary,0x0102
PidTagWlinkGroupName,0x6851,PtypString,0x001f
PidTagWlinkOrdinal,0x684b,PtypBinary,0x0102
PidTagWlinkRecordKey,0x684d,PtypBinary,0x0102
PidTagWlinkROGroupType,0x6892,PtypInteger32,0x0003
PidTagWlinkSaveStamp,0x6847,PtypInteger32,0x0003
PidTagWlinkSection,0x6852,PtypInteger32,0x0003
PidTagWlinkStoreEntryId,0x684e,PtypBinary,0x0102
PidTagWlinkType,0x6849,PtypInteger32,0x0003
